{"cameraMode":{"drawMode":0,"name":"Shaded","section":"Shading Mode"},"sceneLighting":false,"audioPlay":false,"sceneViewState":{"m_AlwaysRefresh":false,"showFog":true,"showSkybox":true,"showFlares":true,"showImageEffects":true,"showParticleSystems":true,"showVisualEffectGraphs":true,"m_FxEnabled":true},"in2DMode":false,"pivot":{"x":576.0184936523438,"y":279.0067138671875,"z":-6.607208251953125},"rotation":{"x":0.13189920783042909,"y":0.01932360604405403,"z":-0.0025719956029206516,"w":0.991072416305542},"size":315.0226745605469,"orthographic":true}